,City,Lat,Lng,Max Temp,Humidity,Cloudiness,Wind Speed,Country,Date
0,mehamn,71.0357,27.8492,25.56,93,100,16.71,NO,1612593836
1,cherskiy,68.75,161.3,-6.68,80,100,4.09,RU,1612593836
2,zrnovci,41.8542,22.4444,39.2,93,90,1.05,MK,1612593836
3,jamestown,42.097,-79.2353,21.99,93,90,13.8,US,1612593745
4,arlit,18.7369,7.3853,63.3,27,0,6.96,NE,1612593836
5,luebo,-5.35,21.4167,72.21,96,100,1.25,CD,1612593836
6,vaini,-21.2,-175.2,78.8,100,75,4.61,TO,1612593837
7,bluff,-46.6,168.3333,58.26,83,0,8.93,NZ,1612593837
8,camacupa,-12.0167,17.4833,66.63,92,100,0.45,AO,1612593837
9,albany,42.6001,-73.9662,32.0,86,90,9.22,US,1612593742
10,kutum,14.2,24.6667,54.14,40,0,15.61,SD,1612593837
11,punta arenas,-53.15,-70.9167,44.6,65,40,8.05,CL,1612593837
12,williams lake,52.1415,-122.1445,27.0,93,75,2.3,CA,1612593730
13,pemangkat,1.1667,108.9667,81.27,81,99,12.97,ID,1612593837
14,dikson,73.5069,80.5464,-29.51,85,85,9.84,RU,1612593838
15,bonthe,7.5264,-12.505,74.61,84,0,4.0,SL,1612593838
16,georgetown,5.4112,100.3354,91.4,52,20,8.05,MY,1612593828
17,hermanus,-34.4187,19.2345,72.0,82,0,4.61,ZA,1612593838
18,chuy,-33.6971,-53.4616,57.78,93,19,6.73,UY,1612593667
19,manadhoo,5.7667,73.3833,81.55,77,10,11.14,MV,1612593838
20,shetpe,44.1667,52.1167,34.47,82,0,23.91,KZ,1612593838
21,port hardy,50.6996,-127.4199,42.8,87,90,5.75,CA,1612593729
22,mataura,-46.1927,168.8643,65.7,65,0,3.6,NZ,1612593603
23,boz,46.4071,4.9109,46.0,98,79,3.06,FR,1612593838
24,butaritari,3.0707,172.7902,79.56,86,100,16.75,KI,1612593839
25,longyearbyen,78.2186,15.6401,24.8,68,40,11.5,SJ,1612593839
26,yellowknife,62.456,-114.3525,-40.0,74,20,4.61,CA,1612593604
27,juba,4.8517,31.5825,82.53,15,2,7.25,SS,1612593839
28,hobart,-42.8794,147.3294,73.4,43,40,17.27,AU,1612593598
29,atuona,-9.8,-139.0333,79.99,79,42,20.96,PF,1612593839
30,saint-philippe,-21.3585,55.7679,86.0,62,20,6.91,RE,1612593839
31,port elizabeth,-33.918,25.5701,71.6,88,75,8.05,ZA,1612593839
32,saskylakh,71.9167,114.0833,-34.11,82,75,3.62,RU,1612593839
33,qaanaaq,77.484,-69.3632,1.51,79,100,7.85,GL,1612593839
34,aljezur,37.3191,-8.8033,52.0,100,54,4.0,PT,1612593840
35,ponta do sol,32.6667,-17.1,52.0,68,58,3.0,PT,1612593840
36,rikitea,-23.1203,-134.9692,77.54,75,70,16.4,PF,1612593595
37,marsh harbour,26.5412,-77.0636,72.54,84,0,11.95,BS,1612593840
38,mabaruma,8.2,-59.7833,71.53,97,60,3.11,GY,1612593840
39,bone,51.9669,12.1396,32.0,93,100,5.01,DE,1612593840
40,kapaa,22.0752,-159.319,64.4,72,1,8.05,US,1612593840
41,vila velha,-20.3297,-40.2925,82.4,65,0,9.22,BR,1612593840
42,pevek,69.7008,170.3133,-10.79,86,100,2.24,RU,1612593485
43,isangel,-19.55,169.2667,81.61,71,19,4.61,VU,1612593840
44,castro,-24.7911,-50.0119,53.19,83,0,4.25,BR,1612593841
45,barrow,71.2906,-156.7887,-5.8,77,90,6.91,US,1612593841
46,gat,31.61,34.7642,59.0,100,4,0.11,IL,1612593616
47,busselton,-33.65,115.3333,70.0,63,100,5.01,AU,1612593841
48,mitsamiouli,-11.3847,43.2844,84.67,65,69,4.18,KM,1612593841
49,bambanglipuro,-7.95,110.2833,84.65,73,100,7.29,ID,1612593841
50,kawanoe,34.0167,133.5667,60.01,38,20,12.66,JP,1612593841
51,kavieng,-2.5744,150.7967,81.43,75,100,2.75,PG,1612593841
52,amuntai,-2.4177,115.2494,91.9,53,65,3.33,ID,1612593841
53,nakamura,32.9833,132.9333,59.11,62,0,1.39,JP,1612593842
54,ilulissat,69.2167,-51.1,12.2,28,100,6.91,GL,1612593842
55,maniitsoq,65.4167,-52.9,18.99,69,90,4.85,GL,1612593842
56,odweyne,9.4092,45.064,71.92,33,0,2.01,SO,1612593842
57,punta alta,-38.8759,-62.0736,69.66,80,0,9.17,AR,1612593842
58,airai,-8.9266,125.4092,65.89,93,100,4.43,TL,1612593842
59,mar del plata,-38.0023,-57.5575,72.0,77,0,12.66,AR,1612593842
60,dingle,10.9995,122.6711,84.27,69,100,13.67,PH,1612593842
61,cidreira,-30.1811,-50.2056,67.08,73,73,10.89,BR,1612593842
62,provost,52.3501,-110.2683,-22.0,76,100,5.75,CA,1612593843
63,general pico,-35.6566,-63.7568,63.9,56,0,6.82,AR,1612593843
64,manturovo,58.3353,44.7619,-3.77,91,100,9.4,RU,1612593843
65,kita,13.0349,-9.4895,67.14,23,67,3.62,ML,1612593843
66,lompoc,34.6391,-120.4579,54.0,93,1,9.22,US,1612593843
67,carroll,39.5501,-77.0164,30.99,64,0,6.8,US,1612593843
68,juneau,58.3019,-134.4197,26.6,80,90,4.52,US,1612593843
69,zhezkazgan,47.8043,67.7144,31.68,96,62,16.02,KZ,1612593843
70,puerto ayora,-0.7393,-90.3518,75.0,96,18,8.43,EC,1612593607
71,hamilton,39.1834,-84.5333,32.0,82,97,8.39,US,1612593844
72,kulevcha,46.0303,29.9361,34.92,96,100,9.01,UA,1612593844
73,faanui,-16.4833,-151.75,81.57,65,25,6.06,PF,1612593844
74,avarua,-21.2078,-159.775,80.6,78,35,1.14,CK,1612593844
75,praia,14.9215,-23.5087,68.0,73,75,20.71,CV,1612593845
76,kailua,21.4022,-157.7394,69.8,68,1,4.61,US,1612593845
77,chincha alta,-13.4099,-76.1323,69.8,94,0,3.44,PE,1612593845
78,naze,28.3667,129.4833,71.6,64,75,8.05,JP,1612593845
79,upernavik,72.7868,-56.1549,12.22,77,100,3.62,GL,1612593845
80,vao,-22.6667,167.4833,78.58,84,0,8.3,NC,1612593845
81,zhuanghe,39.7008,122.9911,41.61,65,0,4.47,CN,1612593845
82,lebu,-37.6167,-73.65,58.62,93,100,4.18,CL,1612593845
83,contai,21.7786,87.7536,82.49,27,0,2.19,IN,1612593845
84,sehithwa,-20.4667,22.7167,70.39,92,100,5.08,BW,1612593845
85,san quintin,30.4833,-115.95,56.37,85,26,8.1,MX,1612593846
86,provideniya,64.3833,-173.3,9.46,93,96,3.15,RU,1612593846
87,kahului,20.8947,-156.47,69.8,73,40,3.44,US,1612593846
88,bengkulu,-3.8004,102.2655,85.51,64,99,10.94,ID,1612593846
89,margate,51.3813,1.3862,43.0,91,97,3.0,GB,1612593766
90,nhulunbuy,-12.2333,136.7667,84.2,70,75,12.66,AU,1612593846
91,talnakh,69.4865,88.3972,-26.79,82,5,4.92,RU,1612593846
92,nikolskoye,59.7035,30.7861,10.99,79,75,11.18,RU,1612593846
93,norman wells,65.282,-126.8329,-43.6,66,20,2.3,CA,1612593846
94,east london,-33.0153,27.9116,73.4,94,90,5.75,ZA,1612593653
95,malanje,-9.5402,16.341,68.77,90,67,3.02,AO,1612593847
96,katherine,-14.4667,132.2667,84.2,74,40,9.22,AU,1612593847
97,cape town,-33.9258,18.4232,73.99,88,40,16.11,ZA,1612593847
98,kloulklubed,7.0419,134.2556,75.2,94,90,4.61,PW,1612593847
99,haimen,23.1935,116.6142,82.4,39,0,4.47,CN,1612593847
100,shingu,33.7333,135.9833,57.2,47,20,5.75,JP,1612593847
101,nanortalik,60.1432,-45.2371,20.26,74,0,5.7,GL,1612593847
102,kodiak,57.79,-152.4072,37.4,44,1,16.11,US,1612593848
103,atherton,53.5237,-2.4935,41.0,88,100,1.99,GB,1612593848
104,torbay,47.6666,-52.7314,35.01,93,90,26.46,CA,1612593848
105,ushuaia,-54.8,-68.3,41.0,87,40,20.71,AR,1612593684
106,labuhan,-6.8844,112.2051,82.67,79,85,20.04,ID,1612593848
107,salalah,17.0151,54.0924,77.0,57,40,6.91,OM,1612593848
108,glenwood springs,39.5505,-107.3248,24.8,86,90,6.38,US,1612593791
109,norrtalje,59.758,18.705,21.0,86,97,4.0,SE,1612593848
110,walvis bay,-22.9575,14.5053,66.0,94,86,5.75,NA,1612593848
111,hunchun,42.8675,130.3581,29.98,97,100,2.35,CN,1612593849
112,luderitz,-26.6481,15.1594,74.89,40,0,21.92,NA,1612593849
113,tpig,41.7801,47.589,31.06,75,4,8.79,RU,1612593849
114,copiapo,-27.3667,-70.3333,60.8,82,90,3.44,CL,1612593849
115,skara,58.3866,13.4384,12.99,84,38,1.14,SE,1612593849
116,matara,5.9485,80.5353,84.0,71,15,4.45,LK,1612593849
117,namibe,-15.1961,12.1522,66.2,88,90,6.15,AO,1612593849
118,sao filipe,14.8961,-24.4956,69.22,73,19,16.42,CV,1612593849
119,esperance,-33.8667,121.9,66.2,68,75,16.11,AU,1612593849
120,andenes,69.3143,16.1194,32.0,74,100,31.07,NO,1612593849
121,victoria,22.2855,114.1577,77.0,38,20,8.05,HK,1612593827
122,kollam,8.8833,76.6,87.8,58,20,2.3,IN,1612593850
123,bethel,41.3712,-73.414,33.8,47,1,17.27,US,1612593850
124,aksu,41.1231,80.2644,43.81,49,0,4.03,CN,1612593850
125,mukhen,48.1,136.1,3.07,91,100,5.01,RU,1612593850
126,yeppoon,-23.1333,150.7333,91.4,40,100,14.97,AU,1612593850
127,svetlyy,54.675,20.1347,10.99,85,20,2.24,RU,1612593850
128,geraldton,-28.7667,114.6,80.6,65,75,28.77,AU,1612593850
129,ambagarh chauki,20.7833,80.7167,84.34,18,1,5.48,IN,1612593851
130,hilo,19.7297,-155.09,71.6,68,75,4.65,US,1612593814
131,cangucu,-31.395,-52.6756,61.0,92,26,3.76,BR,1612593851
132,salinopolis,-0.6136,-47.3561,78.8,84,59,9.57,BR,1612593851
133,majene,-3.5403,118.9707,85.57,68,54,8.77,ID,1612593851
134,buala,-8.145,159.5921,82.35,80,100,8.16,SB,1612593851
135,saint george,37.1041,-113.5841,48.0,36,1,5.75,US,1612593851
136,puerto carreno,6.189,-67.4859,77.97,63,100,6.71,CO,1612593851
137,puerto narino,-3.7703,-70.3831,73.4,100,75,3.44,CO,1612593851
138,faya,18.3851,42.4509,55.4,76,75,9.22,SA,1612593851
139,hirara,24.8,125.2833,75.2,57,20,4.61,JP,1612593851
140,souillac,-20.5167,57.5167,82.4,78,40,9.22,MU,1612593851
141,berdigestyakh,62.0989,126.6992,-32.28,82,31,2.44,RU,1612593852
142,jurado,7.1053,-77.7641,77.49,79,99,3.27,CO,1612593852
143,tres picos,15.8667,-93.5333,69.71,63,0,2.89,MX,1612593852
144,willmar,45.1219,-95.0433,1.4,71,1,17.27,US,1612593727
145,bandarbeyla,9.4942,50.8122,77.49,65,0,9.19,SO,1612593852
146,cabo san lucas,22.8909,-109.9124,64.99,43,3,3.0,MX,1612593622
147,carnarvon,-24.8667,113.6333,86.0,100,36,24.16,AU,1612593852
148,half moon bay,37.4636,-122.4286,51.8,76,1,4.32,US,1612593852
149,galesong,-5.3166,119.3661,86.0,74,20,9.22,ID,1612593852
150,tyukhtet,56.5389,89.3011,21.7,96,100,7.14,RU,1612593853
151,mount isa,-20.7333,139.5,96.8,36,40,11.5,AU,1612593740
152,arraial do cabo,-22.9661,-42.0278,73.9,95,100,13.6,BR,1612593853
153,katsuura,35.1333,140.3,62.01,44,20,12.66,JP,1612593617
154,new norfolk,-42.7826,147.0587,71.6,49,75,17.27,AU,1612593853
155,banikoara,11.2985,2.4386,71.35,22,45,8.1,BJ,1612593853
156,boende,-0.2167,20.8667,78.87,77,97,2.08,CD,1612593853
157,belmonte,-15.8631,-38.8828,78.8,83,75,10.36,BR,1612593853
158,asfi,32.2994,-9.2372,54.91,75,100,4.27,MA,1612593854
159,madingou,-4.1536,13.55,77.0,87,99,0.85,CG,1612593854
160,nefteyugansk,61.0998,72.6035,26.6,100,90,11.18,RU,1612593854
161,akdepe,42.0551,59.3788,46.4,76,90,16.11,TM,1612593854
162,flinders,-34.5833,150.8552,77.0,85,84,1.99,AU,1612593854
163,eydhafushi,5.1033,73.0708,81.66,75,4,10.54,MV,1612593854
164,muzhi,65.3667,64.6667,-21.91,87,100,12.84,RU,1612593854
165,iqaluit,63.7506,-68.5145,17.6,86,20,17.27,CA,1612593854
166,chyhyryn,49.0838,32.6555,20.41,91,100,5.86,UA,1612593854
167,quang ngai,15.1167,108.8,74.16,82,93,8.32,VN,1612593854
168,nome,64.5011,-165.4064,24.8,93,90,9.22,US,1612593843
169,reconquista,-29.15,-59.65,63.93,68,0,1.61,AR,1612593855
170,kushima,31.4583,131.2333,60.8,72,75,6.91,JP,1612593635
171,neuquen,-38.9516,-68.0591,78.8,31,0,6.91,AR,1612593855
172,atambua,-9.1061,124.8925,76.75,85,100,5.35,ID,1612593855
173,camargo,27.6667,-105.1667,59.41,31,0,9.28,MX,1612593855
174,yumen,40.2833,97.2,41.72,48,100,18.34,CN,1612593855
175,merced,37.1666,-120.7516,48.99,76,1,4.03,US,1612593855
176,san cristobal,7.7669,-72.225,66.7,89,100,0.13,VE,1612593855
177,bourail,-21.5667,165.4833,79.36,77,66,3.8,NC,1612593855
178,susice,49.2311,13.5202,36.0,97,100,1.01,CZ,1612593856
179,batagay-alyta,67.8006,130.4114,-24.11,85,100,2.13,RU,1612593856
180,oriximina,-1.7656,-55.8661,76.03,82,100,3.24,BR,1612593584
181,hurricane,37.1753,-113.2899,48.0,55,1,6.91,US,1612593856
182,port alfred,-33.5906,26.891,73.99,88,92,1.99,ZA,1612593606
183,sistranda,63.7256,8.834,19.4,93,40,13.8,NO,1612593856
184,grand-bourg,15.8835,-61.3148,71.6,83,0,5.75,GP,1612593856
185,san carlos,9.6612,-68.5827,76.71,71,100,1.41,VE,1612593549
186,macau,22.2006,113.5461,77.0,68,20,3.44,MO,1612593856
187,aklavik,68.2191,-135.0107,-18.4,76,100,3.44,CA,1612593856
188,grand gaube,-20.0064,57.6608,81.0,79,88,7.0,MU,1612593856
189,ostrovnoy,68.0531,39.5131,21.25,96,100,12.35,RU,1612593857
190,hithadhoo,-0.6,73.0833,82.04,78,100,15.59,MV,1612593857
191,namatanai,-3.6667,152.4333,80.06,79,100,2.62,PG,1612593857
192,san juan,-31.5375,-68.5364,76.53,41,0,6.4,AR,1612593857
193,port augusta,-32.5,137.7667,77.0,64,40,20.71,AU,1612593857
194,bredasdorp,-34.5322,20.0403,64.4,94,0,1.14,ZA,1612593857
195,gamba,-2.65,10.0,79.3,89,97,6.15,GA,1612593857
196,coquimbo,-29.9533,-71.3436,60.8,82,90,6.91,CL,1612593857
197,hualmay,-11.0964,-77.6139,70.12,77,100,3.94,PE,1612593857
198,pangkalanbuun,-2.6833,111.6167,90.82,57,81,3.31,ID,1612593857
199,berwick,41.0545,-76.2333,25.0,73,54,3.36,US,1612593858
200,rawson,-43.3002,-65.1023,60.3,71,2,12.91,AR,1612593858
201,acapulco,16.8634,-99.8901,74.59,78,11,3.15,MX,1612593858
202,leningradskiy,69.3833,178.4167,-10.64,87,100,6.87,RU,1612593858
203,pangnirtung,66.1451,-65.7125,19.72,82,97,2.98,CA,1612593858
204,harper,4.375,-7.7169,78.93,89,100,3.47,LR,1612593858
205,kota kinabalu,5.9749,116.0724,86.0,74,40,3.44,MY,1612593858
206,lermontovka,47.1453,134.3383,2.26,90,49,4.32,RU,1612593858
207,aksakovo,43.25,27.8167,44.01,100,40,4.61,BG,1612593858
208,jishu,44.3167,126.8,14.18,96,100,9.24,CN,1612593858
209,pisco,-13.7,-76.2167,69.8,94,0,3.44,PE,1612593567
210,puerto madryn,-42.7692,-65.0385,61.45,71,0,12.84,AR,1612593859
211,ambilobe,-13.2,49.05,85.06,73,100,2.26,MG,1612593859
212,tokmak,47.2514,35.7058,26.78,85,100,5.88,UA,1612593811
213,vostok,46.4856,135.8833,5.47,93,100,5.57,RU,1612593859
214,concordia,-31.393,-58.0209,64.0,85,0,4.0,AR,1612593489
215,hofn,64.2539,-15.2082,35.96,83,100,18.05,IS,1612593859
216,meulaboh,4.1363,96.1285,86.68,61,34,7.09,ID,1612593859
217,palmas,-10.2128,-48.3603,73.4,100,75,5.75,BR,1612593859
218,satun,6.8333,100.0,93.2,58,40,11.5,TH,1612593859
219,fortuna,40.5982,-124.1573,50.0,100,90,5.21,US,1612593860
220,mahibadhoo,3.7833,72.9667,81.32,74,92,11.34,MV,1612593860
221,itarema,-2.9248,-39.9167,78.1,80,94,10.92,BR,1612593860
222,greenfield,42.9614,-88.0126,6.01,66,1,9.22,US,1612593626
223,jalu,29.0331,21.5482,60.24,48,0,5.86,LY,1612593860
224,taywarah,33.35,64.4167,44.31,41,0,0.2,AF,1612593860
225,aketi,2.7388,23.7833,79.9,64,26,3.13,CD,1612593860
226,mgachi,51.05,142.2667,-1.55,91,100,4.03,RU,1612593860
227,tuktoyaktuk,69.4541,-133.0374,-27.4,75,1,6.91,CA,1612593860
228,magdalena,14.1999,121.429,86.0,70,55,4.0,PH,1612593860
229,riyadh,24.6877,46.7219,62.6,72,84,3.44,SA,1612593764
230,ribeira grande,38.5167,-28.7,59.47,83,100,13.65,PT,1612593861
231,kamphaeng phet,16.25,99.5,93.04,29,0,8.21,TH,1612593861
232,pochinki,54.6988,44.8668,-0.22,91,100,13.71,RU,1612593861
233,aksarka,66.5606,67.7975,-26.25,84,80,16.89,RU,1612593861
234,mount gambier,-37.8333,140.7667,68.0,56,40,19.57,AU,1612593724
235,thompson,55.7435,-97.8558,-27.4,68,40,10.36,CA,1612593729
236,richards bay,-28.783,32.0377,77.43,84,97,2.08,ZA,1612593861
237,laem sing,12.4816,102.0738,91.4,38,20,5.75,TH,1612593861
238,padang,-0.9492,100.3543,91.4,58,20,6.91,ID,1612593861
239,kitimat,54.0524,-128.6534,32.0,95,100,3.36,CA,1612593861
240,springbok,-29.6643,17.8865,73.4,23,0,3.44,ZA,1612593862
241,lata,40.1629,-8.3327,51.01,89,100,4.0,PT,1612593862
242,galeana,24.8333,-100.0667,53.62,39,0,4.81,MX,1612593862
243,vulcan,45.3833,23.2667,41.52,82,42,1.36,RO,1612593862
244,ola,59.5833,151.2833,3.4,87,99,17.85,RU,1612593862
245,lasa,46.6166,10.7002,39.99,93,90,5.75,IT,1612593862
246,mount hagen,-5.8581,144.2274,65.73,90,100,1.12,PG,1612593862
247,los llanos de aridane,28.6585,-17.9182,57.2,58,0,6.91,ES,1612593862
248,kaitangata,-46.2817,169.8464,59.65,77,0,3.83,NZ,1612593862
249,sibolga,1.7427,98.7792,88.11,57,4,4.85,ID,1612593863
250,adrar,20.5022,-10.0711,53.4,58,100,9.35,MR,1612593863
251,san rafael,-34.6177,-68.3301,73.36,39,0,10.02,AR,1612593633
252,polyarnyy,69.1989,33.4478,17.6,100,75,20.29,RU,1612593863
253,beringovskiy,63.05,179.3167,-9.89,87,0,5.03,RU,1612593863
254,northam,51.0333,-4.2167,37.0,94,27,5.01,GB,1612593863
255,port macquarie,-31.4333,152.9167,77.0,93,100,4.18,AU,1612593863
256,buraydah,26.326,43.975,57.2,94,40,8.05,SA,1612593863
257,broome,42.2506,-75.833,24.8,50,75,14.97,US,1612593863
258,swan hill,-35.3378,143.5544,79.97,31,0,13.02,AU,1612593864
259,akhmim,26.5622,31.745,55.4,67,0,4.61,EG,1612593864
260,pangody,65.85,74.4859,-12.37,89,100,13.73,RU,1612593864
261,anzio,41.4853,12.6179,55.99,63,0,4.0,IT,1612593864
262,pontes e lacerda,-15.2261,-59.3353,68.61,75,54,1.63,BR,1612593864
263,wad rawah,15.1603,33.1397,68.43,31,0,17.4,SD,1612593864
264,sebastian,35.1668,-94.2669,42.01,70,20,4.61,US,1612593864
265,grindavik,63.8424,-22.4338,33.8,75,40,12.66,IS,1612593864
266,bilma,18.6853,12.9164,63.01,29,0,7.27,NE,1612593864
267,cocorit,27.5833,-109.9667,57.49,38,0,2.24,MX,1612593865
268,tongling,30.95,117.7833,61.52,51,0,8.12,CN,1612593865
269,nalut,30.3333,10.85,58.28,34,100,12.73,LY,1612593865
270,roros,62.5747,11.3842,-20.2,69,0,2.3,NO,1612593865
271,tiarei,-17.5333,-149.3333,78.8,73,40,5.75,PF,1612593865
272,goderich,43.7501,-81.7165,19.4,68,100,25.32,CA,1612593865
273,ust-omchug,61.15,149.6333,-16.65,82,100,3.33,RU,1612593865
274,zhigansk,66.7697,123.3711,-38.74,78,58,6.64,RU,1612593866
275,askarovo,53.3372,58.5089,32.0,100,90,15.66,RU,1612593866
276,clyde river,70.4692,-68.5914,-13.0,77,90,4.61,CA,1612593614
277,samarinda,-0.5,117.15,81.95,90,98,3.2,ID,1612593866
278,waipawa,-41.4122,175.5153,64.99,77,100,11.5,NZ,1612593866
279,marzuq,14.4,46.4667,76.23,15,0,4.14,YE,1612593866
280,tateyama,34.9833,139.8667,60.8,44,20,12.66,JP,1612593866
281,san javier,37.8063,-0.8374,53.01,100,0,1.14,ES,1612593866
282,roebourne,-20.7833,117.1333,85.42,56,3,18.34,AU,1612593867
283,severo-kurilsk,50.6789,156.125,16.23,83,100,13.35,RU,1612593610
284,santa ana,33.7456,-117.8678,53.6,76,1,3.44,US,1612593867
285,vestmanna,62.1564,-7.1664,32.0,93,75,18.41,FO,1612593867
286,sopelana,43.3789,-2.9831,53.01,100,75,4.61,ES,1612593867
287,prainha,-1.8,-53.48,74.88,85,99,3.58,BR,1612593867
288,san carlos del zulia,9.0,-71.9135,73.78,93,100,4.56,VE,1612593867
289,otavi,-19.65,17.3333,74.62,62,100,9.42,NA,1612593867
290,salvador,13.8333,-88.9167,69.8,83,0,3.44,SV,1612593868
291,dunedin,-45.8742,170.5036,61.0,77,15,14.0,NZ,1612593868
292,biak,-0.9131,122.8766,82.4,71,100,3.06,ID,1612593868
293,kraslava,55.8951,27.168,-1.32,92,94,6.02,LV,1612593868
294,kokkola,63.8385,23.1307,25.0,93,20,3.44,FI,1612593729
295,saint-joseph,-21.3667,55.6167,86.0,62,20,6.91,RE,1612593868
296,murighiol,45.0333,29.1667,39.2,87,90,13.8,RO,1612593868
297,gobabis,-22.45,18.9667,73.26,63,0,8.59,NA,1612593678
298,ahipara,-35.1667,173.1667,63.95,88,100,4.32,NZ,1612593868
299,joetsu,37.1483,138.2364,53.01,62,27,9.24,JP,1612593869
300,haines junction,60.7522,-137.5108,-16.6,76,100,1.14,CA,1612593869
301,karratha,-20.7377,116.8463,83.86,61,8,17.52,AU,1612593869
302,hambantota,6.1241,81.1185,87.8,70,40,5.75,LK,1612593869
303,cayenne,4.9333,-52.3333,78.8,89,0,5.75,GF,1612593869
304,zeya,53.75,127.2667,-2.33,83,9,4.54,RU,1612593869
305,ellisras,-23.6649,27.7443,75.87,71,100,8.12,ZA,1612593869
306,kaitong,44.8135,123.15,17.89,92,91,6.87,CN,1612593869
307,paita,-5.0892,-81.1144,74.41,71,12,8.3,PE,1612593503
308,berlevag,70.8578,29.0864,26.31,90,100,19.28,NO,1612593869
309,luena,-11.7833,19.9167,67.73,90,96,5.77,AO,1612593870
310,bundaberg,-24.85,152.35,86.0,45,100,9.22,AU,1612593870
311,yar-sale,66.8333,70.8333,-22.77,87,100,13.49,RU,1612593870
312,samus,56.7475,84.6992,24.01,86,75,11.18,RU,1612593870
313,baruun-urt,46.6806,113.2792,3.97,89,0,7.18,MN,1612593870
314,joensuu,62.6012,29.7632,9.0,78,90,5.75,FI,1612593728
315,tromso,69.6496,18.957,28.4,74,75,13.8,NO,1612593871
316,gosainganj,26.5833,82.3833,74.07,39,0,10.36,IN,1612593871
317,sayyan,15.1718,44.3244,61.92,29,0,7.54,YE,1612593871
318,lovasbereny,47.31,18.5518,39.99,90,100,4.0,HU,1612593871
319,paamiut,61.994,-49.6678,21.42,77,48,4.72,GL,1612593871
320,makakilo city,21.3469,-158.0858,68.0,68,1,4.61,US,1612593871
321,belyy yar,53.6039,91.3903,19.4,63,98,2.24,RU,1612593871
322,tasiilaq,65.6145,-37.6368,24.8,63,20,10.36,GL,1612593871
323,alofi,-19.0595,-169.9187,78.8,83,100,4.61,NU,1612593871
324,kamaishi,39.2667,141.8833,42.8,75,75,6.91,JP,1612593749
325,angoche,-16.2325,39.9086,87.89,65,88,2.86,MZ,1612593872
326,anadyr,64.75,177.4833,0.0,85,40,11.18,RU,1612593872
327,vardo,70.3705,31.1107,27.66,91,100,23.53,NO,1612593872
328,lapua,62.9693,23.0088,17.01,93,95,3.65,FI,1612593872
329,morondava,-20.2833,44.2833,84.52,75,100,4.43,MG,1612593421
330,candelaria,13.9311,121.4233,81.0,78,99,11.99,PH,1612593872
331,lagoa,39.05,-27.9833,58.5,84,100,16.55,PT,1612593872
332,bondoukou,8.0333,-2.8,72.09,89,46,4.5,CI,1612593872
333,kumylzhenskaya,49.8809,42.5898,18.0,82,100,11.99,RU,1612593873
334,praia da vitoria,38.7333,-27.0667,57.2,88,20,14.38,PT,1612593873
335,necochea,-38.5473,-58.7368,69.01,60,0,5.01,AR,1612593689
336,burdeos,14.8436,121.9697,78.6,86,41,12.39,PH,1612593873
337,sonkovo,57.7782,37.1571,-0.92,92,94,10.94,RU,1612593873
338,yerbogachen,61.2767,108.0108,1.4,92,100,4.59,RU,1612593601
339,menongue,-14.6585,17.691,68.5,86,100,5.08,AO,1612593873
340,saint anthony,45.0205,-93.218,3.2,66,1,10.36,US,1612593873
341,dutlwe,-23.9833,23.9,66.96,92,100,14.25,BW,1612593874
342,pocone,-16.2567,-56.6228,72.23,76,6,4.09,BR,1612593735
343,te anau,-45.4167,167.7167,69.21,63,0,1.9,NZ,1612593741
344,khatanga,71.9667,102.5,-34.92,79,8,5.1,RU,1612593874
345,lucapa,-8.4192,20.7447,72.43,89,100,1.57,AO,1612593874
346,aasiaat,68.7098,-52.8699,7.83,81,100,12.91,GL,1612593874
347,storforshei,66.4043,14.5233,14.0,84,10,2.24,NO,1612593874
348,howard springs,-12.497,131.047,86.0,70,75,14.97,AU,1612593874
349,mahebourg,-20.4081,57.7,82.4,78,40,9.22,MU,1612593874
350,toora-khem,52.4675,96.11,13.35,91,92,2.42,RU,1612593875
351,pacific grove,36.6177,-121.9166,46.4,81,1,3.44,US,1612593859
352,narsaq,60.9167,-46.05,14.0,57,0,3.44,GL,1612593875
353,avera,33.194,-82.5271,46.4,66,90,3.76,US,1612593875
354,goryachegorsk,55.4053,88.9154,28.22,94,92,4.12,RU,1612593875
355,bambous virieux,-20.3428,57.7575,82.4,78,40,9.22,MU,1612593875
356,pahrump,36.2083,-115.9839,46.0,36,0,1.99,US,1612593875
357,bathsheba,13.2167,-59.5167,77.0,61,40,24.16,BB,1612593875
358,presidencia roque saenz pena,-26.7852,-60.4388,68.0,74,0,1.57,AR,1612593875
359,roma,43.2128,-75.4557,26.6,68,90,3.44,US,1612593875
360,bullhead city,35.1478,-114.5683,59.0,23,1,8.05,US,1612593876
361,linjiang,41.8069,126.9078,33.08,88,100,8.59,CN,1612593876
362,tubmanburg,6.8708,-10.8172,72.43,95,1,1.16,LR,1612593876
363,kabo,7.6994,18.629,78.49,19,0,8.88,CF,1612593876
364,san jeronimo,-11.9472,-75.2829,49.39,74,97,4.41,PE,1612593876
365,ciudad bolivar,8.1222,-63.5497,75.13,76,100,12.15,VE,1612593876
366,yulara,-25.2406,130.9889,91.4,19,59,8.05,AU,1612593876
367,guerrero negro,27.9769,-114.0611,58.71,76,9,12.06,MX,1612593876
368,yenagoa,4.9247,6.2642,79.7,86,16,3.0,NG,1612593877
369,nizhniy bestyakh,61.9594,129.9086,-34.6,67,100,2.24,RU,1612593877
370,balkhash,46.844,74.9804,23.0,93,0,4.47,KZ,1612593877
371,kudahuvadhoo,2.6708,72.8944,81.48,73,76,12.19,MV,1612593877
372,noumea,-22.2763,166.4572,81.0,83,90,3.44,NC,1612593877
373,comodoro rivadavia,-45.8667,-67.5,53.6,87,20,10.31,AR,1612593877
374,xining,36.6167,101.7667,38.12,42,37,4.76,CN,1612593646
375,poum,-20.2333,164.0167,80.76,71,12,7.7,NC,1612593877
376,tullow,52.8003,-6.7369,39.99,96,92,13.0,IE,1612593877
377,sur,22.5667,59.5289,75.47,33,0,7.34,OM,1612593878
378,saint-augustin,51.226,-58.6502,30.16,98,99,8.59,CA,1612593878
379,lorengau,-2.0226,147.2712,83.88,70,76,1.72,PG,1612593878
380,cap-aux-meules,47.3821,-61.8597,32.0,86,100,8.05,CA,1612593878
381,okha,53.5739,142.9478,0.09,92,100,22.03,RU,1612593878
382,tual,-5.6667,132.75,83.98,79,100,19.1,ID,1612593878
383,priladozhskiy,59.85,31.4833,10.99,55,100,7.83,RU,1612593878
384,acacoyagua,15.35,-92.65,68.7,72,2,2.57,MX,1612593878
385,valparaiso,-33.0393,-71.6273,60.8,88,90,2.3,CL,1612593648
386,sidi bin nur,35.5333,10.9167,55.4,62,0,3.44,TN,1612593879
387,amahai,-3.3333,128.9167,86.49,69,100,4.81,ID,1612593879
388,mogadishu,2.0371,45.3438,80.6,61,40,16.11,SO,1612593879
389,manzhouli,49.6,117.4333,0.14,89,0,8.93,CN,1612593879
390,nemuro,43.3236,145.575,35.6,75,75,5.75,JP,1612593879
391,jiangyou,31.7667,104.7167,60.44,41,42,4.47,CN,1612593879
392,sungaipenuh,-2.0833,101.3833,80.6,56,92,2.3,ID,1612593879
393,coahuayana,18.7333,-103.6833,74.03,80,98,2.42,MX,1612593879
394,thomasville,35.8826,-80.082,36.0,64,1,4.0,US,1612593879
395,tadine,-21.55,167.8833,79.72,80,0,5.08,NC,1612593880
396,acari,-15.4311,-74.6158,71.67,68,100,2.84,PE,1612593880
397,klaksvik,62.2266,-6.589,32.0,93,75,18.41,FO,1612593880
398,saldanha,-33.0117,17.9442,66.2,88,0,13.8,ZA,1612593880
399,cascais,38.6979,-9.4215,53.01,87,75,14.97,PT,1612593880
400,mocuba,-16.8392,36.9856,84.97,71,41,3.36,MZ,1612593880
401,viedma,-40.8135,-62.9967,61.0,81,0,13.02,AR,1612593880
402,taoudenni,22.6783,-3.9836,65.98,31,100,7.99,ML,1612593880
403,vilcun,-38.65,-72.2333,53.13,98,56,1.79,CL,1612593880
404,kiunga,-6.1219,141.2906,90.97,55,99,5.99,PG,1612593881
405,louth,53.3666,-0.0044,42.8,93,75,20.71,GB,1612593881
406,rudsar,37.1376,50.288,53.6,93,90,2.3,IR,1612593881
407,monster,52.0258,4.175,45.0,100,90,8.05,NL,1612593881
408,killybegs,54.6333,-8.45,39.0,95,100,1.01,IE,1612593881
409,bubaque,11.2833,-15.8333,75.51,52,79,20.13,GW,1612593881
410,araouane,18.9048,-3.5265,72.16,20,100,9.86,ML,1612593881
411,cape coast,5.1053,-1.2466,80.15,86,8,8.59,GH,1612593881
412,tezpur,26.6333,92.8,81.19,27,0,4.76,IN,1612593881
413,svobody,44.0256,43.0503,33.8,60,100,2.24,RU,1612593881
414,corlu,41.1592,27.8,46.4,100,90,6.91,TR,1612593682
415,sakakah,29.9697,40.2064,53.6,82,75,11.5,SA,1612593882
416,kavaratti,10.5669,72.642,80.94,76,16,12.5,IN,1612593882
417,tiksi,71.6872,128.8694,-18.54,88,100,2.46,RU,1612593882
418,suntar,62.1444,117.6319,-20.29,86,94,2.17,RU,1612593882
419,hasaki,35.7333,140.8333,62.01,29,20,5.75,JP,1612593882
420,serebryansk,49.6925,83.2892,37.4,70,75,13.42,KZ,1612593882
421,port blair,11.6667,92.75,82.72,65,0,12.08,IN,1612593882
422,enumclaw,47.2043,-121.9915,45.0,90,89,4.0,US,1612593882
423,seminole,28.7086,-81.2081,63.0,82,20,3.44,US,1612593882
424,puerto madero,14.7208,-92.4215,74.48,71,1,5.19,MX,1612593883
425,komsomolskiy,40.4272,71.7189,48.2,46,100,3.49,UZ,1612593883
426,komatipoort,-25.4332,31.9548,79.41,79,67,6.06,ZA,1612593883
427,araruama,-22.8728,-42.3431,73.31,94,100,9.78,BR,1612593883
428,kalabo,-14.97,22.6814,73.38,83,16,6.6,ZM,1612593883
429,shimoda,34.6667,138.95,60.8,48,0,18.41,JP,1612593883
430,meadow lake,34.8014,-106.5436,44.6,31,40,13.8,US,1612593883
431,haapiti,-17.5667,-149.8667,78.8,73,40,5.75,PF,1612593883
432,hearst,49.6835,-83.6665,-0.4,78,100,11.5,CA,1612593884
433,gravdal,68.1214,13.5031,33.44,88,96,24.58,NO,1612593884
434,brewster,41.3973,-73.6171,33.8,47,1,17.27,US,1612593884
435,sao joao da barra,-21.6403,-41.0511,75.76,92,100,3.42,BR,1612593884
436,constitucion,-35.3333,-72.4167,56.25,91,28,4.0,CL,1612593656
437,talcahuano,-36.7167,-73.1167,59.0,88,90,4.61,CL,1612593631
438,kruisfontein,-34.0033,24.7314,75.99,72,0,1.01,ZA,1612593884
439,sragen,-7.4264,111.0222,83.79,74,100,16.82,ID,1612593884
440,lubumbashi,-11.6609,27.4794,65.71,94,94,1.99,CD,1612593884
441,westport,41.1415,-73.3579,36.0,47,1,17.27,US,1612593837
442,llanes,43.4198,-4.7549,54.0,73,100,13.27,ES,1612593885
443,lokosovo,61.1333,74.8167,34.5,98,100,13.67,RU,1612593885
444,nouadhibou,20.931,-17.0347,62.47,74,3,17.09,MR,1612593885
445,tutoia,-2.7619,-42.2744,78.89,80,8,13.38,BR,1612593885
446,disna,55.568,28.1971,-3.23,92,68,6.85,BY,1612593885
447,bonavista,48.6499,-53.1147,36.0,93,100,8.05,CA,1612593885
448,tura,25.5198,90.2201,78.15,28,2,6.58,IN,1612593609
449,port moresby,-9.4431,147.1797,89.6,62,40,17.27,PG,1612593885
450,vizinga,61.0749,50.1031,-4.67,90,100,10.67,RU,1612593886
451,tuatapere,-46.1333,167.6833,60.44,74,6,3.96,NZ,1612593886
452,pronsk,54.1048,39.6092,3.63,92,98,12.44,RU,1612593886
453,plettenberg bay,-34.0527,23.3716,74.17,61,0,4.83,ZA,1612593886
454,mamlyutka,54.9375,68.5394,35.6,93,40,11.18,KZ,1612593886
455,kaohsiung,22.6163,120.3133,77.0,47,20,13.8,TW,1612593886
456,vanino,49.0869,140.2543,-1.1,90,63,2.46,RU,1612593886
457,christchurch,-43.5333,172.6333,62.01,72,20,19.57,NZ,1612593886
458,abha,18.2164,42.5053,55.4,76,75,9.22,SA,1612593886
459,bud,39.447,-86.1758,21.99,76,3,7.67,US,1612593887
460,ondarroa,43.3167,-2.4167,52.0,94,100,6.31,ES,1612593887
461,pundaguitan,6.3711,126.1689,82.74,71,100,12.64,PH,1612593887
462,tabory,58.5198,64.5495,35.56,99,100,9.8,RU,1612593887
463,ballina,-28.8667,153.5667,82.4,65,40,10.36,AU,1612593887
464,kismayo,-0.3582,42.5454,80.62,71,86,13.38,SO,1612593887
465,crotone,39.0851,17.1178,55.0,46,0,3.0,IT,1612593888
466,oranjemund,-28.55,16.4333,65.82,76,1,10.67,NA,1612593888
467,pishin,30.5803,66.9961,54.09,31,0,2.8,PK,1612593848
468,sandnessjoen,66.0217,12.6316,28.4,80,90,3.44,NO,1612593775
469,ibiruba,-28.6275,-53.0897,53.22,95,0,2.93,BR,1612593888
470,catio,11.2833,-15.25,68.07,35,95,8.48,GW,1612593888
471,placido de castro,-10.3353,-67.1856,72.07,98,100,1.79,BR,1612593888
472,la asuncion,11.0333,-63.8628,74.98,87,99,11.32,VE,1612593875
473,mecca,21.4267,39.8261,67.19,54,0,1.72,SA,1612593888
474,muros,42.7762,-9.0603,48.99,84,10,7.0,ES,1612593889
475,burshtyn,49.2587,24.6278,26.6,93,75,2.24,UA,1612593889
476,bam,29.106,58.357,73.13,16,0,2.53,IR,1612593889
477,turbat,26.0023,63.044,77.88,12,0,4.74,PK,1612593612
478,vanimo,-2.6741,141.3028,82.17,71,84,4.83,PG,1612593889
479,peyima,8.7,-11.0333,64.17,79,0,0.25,SL,1612593889
480,bogovarovo,58.9785,47.0246,-4.54,91,100,10.33,RU,1612593890
481,saint-georges,12.0564,-61.7485,76.96,76,100,17.0,GD,1612593890
482,maceio,-9.6658,-35.7353,73.4,94,20,2.3,BR,1612593890
483,mayo,38.8876,-76.5119,36.0,69,1,6.51,US,1612593890
484,fairbanks,64.8378,-147.7164,-11.2,70,75,3.44,US,1612593678
485,vawkavysk,53.1561,24.4513,6.8,92,75,6.71,BY,1612593890
486,cilegon,-6.0174,106.0538,86.0,70,40,9.22,ID,1612593890
487,evensk,61.95,159.2333,-0.56,87,0,14.94,RU,1612593890
488,tifton,31.4505,-83.5085,46.4,93,90,6.15,US,1612593834
489,lazaro cardenas,17.9583,-102.2,73.54,80,39,4.56,MX,1612593890
490,estevan,49.1334,-102.9842,-17.0,69,1,18.41,CA,1612593891
491,saint-pierre,-21.3393,55.4781,86.0,62,20,6.91,RE,1612593891
492,bulaevo,54.9056,70.4439,33.71,100,100,12.5,KZ,1612593891
493,ternate,0.8,127.4,82.96,79,100,12.55,ID,1612593891
494,ketchikan,55.3422,-131.6461,33.8,100,90,3.44,US,1612593891
495,tome,-36.6167,-72.95,59.0,88,90,4.61,CL,1612593891
496,chapais,49.7834,-74.8492,24.8,93,90,6.91,CA,1612593891
497,macia,-25.0269,33.0989,82.15,75,20,9.46,MZ,1612593891
498,bulembu,-25.9667,31.1333,68.0,94,90,4.61,SZ,1612593891
499,zhangjiakou,40.81,114.8794,39.31,62,0,1.99,CN,1612593891
500,manavalakurichi,8.1333,77.3,87.8,58,20,2.3,IN,1612593892
501,sitka,57.0531,-135.33,35.6,87,90,3.44,US,1612593892
502,road town,18.4167,-64.6167,77.0,82,24,15.99,VG,1612593643
503,varhaug,58.6147,5.6457,19.0,85,0,16.33,NO,1612593892
504,chernyanka,50.9409,37.8069,14.85,93,98,13.94,RU,1612593892
505,xunchang,28.4543,104.715,61.66,47,36,4.41,CN,1612593892
506,irbil,36.1926,44.0106,53.6,100,75,3.44,IQ,1612593820
507,soyo,-6.1349,12.3689,78.8,94,75,3.44,AO,1612593892
508,sioux lookout,50.1001,-91.917,-5.8,71,90,18.41,CA,1612593699
509,korla,41.7597,86.1469,39.61,57,100,5.32,CN,1612593892
510,mlimba,-8.8,35.8167,76.59,82,100,1.25,TZ,1612593893
511,eureka,40.8021,-124.1637,48.0,94,20,5.53,US,1612593789
512,hwange,-18.3693,26.5019,78.49,75,19,4.09,ZW,1612593738
513,swellendam,-34.0226,20.4417,64.4,94,0,1.14,ZA,1612593893
514,mzimba,-11.9,33.6,73.08,79,46,2.06,MW,1612593893
515,sambava,-14.2667,50.1667,83.16,69,100,4.41,MG,1612593893
516,puerto colombia,10.9878,-74.9547,75.2,88,100,2.3,CO,1612593893
517,asau,46.4333,26.4,32.0,76,100,1.52,RO,1612593893
518,tacna,-18.0056,-70.2483,71.6,60,0,3.44,PE,1612593893
519,touros,-5.1989,-35.4608,73.4,88,20,6.91,BR,1612593893
520,huambo,-12.7761,15.7392,68.0,83,75,3.44,AO,1612593894
521,kant,27.8,79.8,70.38,37,0,8.63,IN,1612593894
522,marystown,47.1666,-55.1483,32.9,93,63,12.53,CA,1612593894
523,klyuchi,52.2667,79.1667,32.25,98,99,10.6,RU,1612593894
524,pavlovka,52.6897,47.1405,3.99,91,92,17.9,RU,1612593894
525,huilong,31.8111,121.655,66.99,55,0,3.0,CN,1612593894
526,rae bareli,26.2167,81.2333,69.8,60,0,9.22,IN,1612593894
527,goumeron,37.7667,21.6167,44.6,93,20,3.33,GR,1612593894
528,marawi,7.9986,124.2928,82.99,80,100,13.0,PH,1612593894
529,haileybury,47.449,-79.6373,15.8,79,90,13.8,CA,1612593789
530,konstantinovka,49.6167,127.9833,-1.19,89,42,4.23,RU,1612593895
531,ishigaki,24.3448,124.1572,75.2,57,20,9.22,JP,1612593895
532,petropavlovsk-kamchatskiy,53.0452,158.6483,14.0,73,40,4.47,RU,1612593895
533,calama,-22.4667,-68.9333,48.2,49,0,17.27,CL,1612593895
534,kushchevskaya,46.5564,39.6386,29.3,83,99,8.43,RU,1612593895
535,san patricio,28.017,-97.5169,60.8,88,90,12.66,US,1612593895
536,starodubskoye,44.5631,44.0153,38.08,73,100,13.71,RU,1612593895
537,abu samrah,35.3029,37.1841,54.48,72,0,3.02,SY,1612593895
538,luklukan,14.3254,122.7124,80.98,78,96,10.25,PH,1612593896
539,merauke,-8.4667,140.3333,85.87,73,36,17.78,ID,1612593896
540,roald,62.5833,6.1333,24.8,63,0,10.36,NO,1612593896
541,santa fe,-31.6333,-60.7,66.99,89,0,5.08,AR,1612593655
542,kemijarvi,66.7131,27.4306,14.77,96,86,8.05,FI,1612593896
543,smirnykh,49.75,142.8333,-0.18,89,100,2.59,RU,1612593896
544,chokurdakh,70.6333,147.9167,-18.92,84,0,9.37,RU,1612593896
545,fuling,29.7022,107.3919,61.16,51,49,3.31,CN,1612593896
